nombre_region;codigo_region;nombre_comuna;codigo_comuna;lista;pacto;nombres;primer_apellido;votos;genero
Tarapacá;1;Alto Hospicio;1107;H;CONTIGO CHILE MEJOR;PATRICIO ELIAS;FERREIRA;20946;masculino
Tarapacá;1;Camiña;1402;ZZI;INDEPENDIENTES;EVELYN;MAMANI;997;femenino
Tarapacá;1;Colchane;1403;ZZI;INDEPENDIENTES;TEOFILO PEDRO;MAMANI;746;masculino
Tarapacá;1;Huara;1404;Z;CHILE VAMOS;JOSE;BARTOLO;1934;masculino
Tarapacá;1;Iquique;1101;H;CONTIGO CHILE MEJOR;MAURICIO ALEJANDRO;SORIA;45113;masculino
Tarapacá;1;Pica;1405;Z;CHILE VAMOS;IVAN;INFANTE;2736;masculino
Tarapacá;1;Pozo Almonte;1401;H;CONTIGO CHILE MEJOR;RICHARD;GODOY;5622;masculino
Antofagasta;2;Antofagasta;2101;Z;CHILE VAMOS;SACHA;RAZMILIC;56653;masculino
Antofagasta;2;Calama;2201;H;CONTIGO CHILE MEJOR;ELIECER DANIEL;CHAMORRO;51440;masculino
Antofagasta;2;María Elena;2302;ZZI;INDEPENDIENTES;VIVIANA;CUELLO;1704;femenino
Antofagasta;2;Mejillones;2102;H;CONTIGO CHILE MEJOR;MARCELINO SEGUNDO;CARVAJAL;5557;masculino
Antofagasta;2;Ollagüe;2202;ZZI;INDEPENDIENTES;JHEAN CAMILO;RAMIREZ;394;masculino
Antofagasta;2;San Pedro de Atacama;2203;H;CONTIGO CHILE MEJOR;JUSTO ALEXIS;ZULETA;3004;masculino
Antofagasta;2;Sierra Gorda;2103;ZZI;INDEPENDIENTES;ADRIANA NATALI;RIVERA;472;femenino
Antofagasta;2;Taltal;2104;ZZI;INDEPENDIENTES;MARIO;ACUÑA;4153;masculino
Antofagasta;2;Tocopilla;2301;ZZI;INDEPENDIENTES;LJUBICA ELENA;KURTOVIC;6305;femenino
Atacama;3;Alto del Carmen;3302;H;CONTIGO CHILE MEJOR;CRISTIAN DIDY;OLIVARES;2077;masculino
Atacama;3;Caldera;3102;H;CONTIGO CHILE MEJOR;BRUNILDA CLEMENTINA;GONZALEZ;5823;femenino
Atacama;3;Chañaral;3201;Z;CHILE VAMOS;ALEX;AHUMADA;2978;masculino
Atacama;3;Copiapó;3101;ZZI;INDEPENDIENTES;MAGLIO HONORIO;CICARDINI;38502;masculino
Atacama;3;Diego de Almagro;3202;Z;CHILE VAMOS;MARIO;ARAYA;4450;masculino
Atacama;3;Freirina;3303;ZZI;INDEPENDIENTES;FERNANDO ALBERTO;RUHL;1823;masculino
Atacama;3;Huasco;3304;H;CONTIGO CHILE MEJOR;GENARO;BRICEÑO;2068;masculino
Atacama;3;Tierra Amarilla;3103;ZZI;INDEPENDIENTES;CRISTOBAL;ZUÑIGA;4718;masculino
Atacama;3;Vallenar;3301;ZZI;INDEPENDIENTES;VICTOR MANUEL;ISLA;10168;masculino
Coquimbo;4;Andacollo;4103;H;CONTIGO CHILE MEJOR;JUAN CARLOS;ALFARO;3293;masculino
Coquimbo;4;Canela;4202;ZZI;INDEPENDIENTES;WALDO ENRIQUE;CONTRERAS;3487;masculino
Coquimbo;4;Combarbalá;4302;ZZI;INDEPENDIENTES;MARTA ANGELICA;CARVAJAL;3158;femenino
Coquimbo;4;Coquimbo;4102;H;CONTIGO CHILE MEJOR;ALI;MANOUCHEHRI MOGHADAM KASHAN;90686;masculino
Coquimbo;4;Illapel;4201;H;CONTIGO CHILE MEJOR;DENIS;CORTES;13183;masculino
Coquimbo;4;La Higuera;4104;H;CONTIGO CHILE MEJOR;UBERLINDA;AQUEA;2041;femenino
Coquimbo;4;La Serena;4101;Z;CHILE VAMOS;DANIELA;NORAMBUENA;29393;femenino
Coquimbo;4;Los Vilos;4203;H;CONTIGO CHILE MEJOR;CHRISTIAN FRANK;GROSS;5034;masculino
Coquimbo;4;Monte Patria;4303;H;CONTIGO CHILE MEJOR;CRISTIAN;HERRERA;11305;masculino
Coquimbo;4;Ovalle;4301;ZZI;INDEPENDIENTES;HECTOR;VEGA;33685;masculino
Coquimbo;4;Paiguano;4105;Z;CHILE VAMOS;HERNAN;AHUMADA;2346;masculino
Coquimbo;4;Punitaqui;4304;ZZI;INDEPENDIENTES;PEDRO HUMBERTO;ARAYA;1810;masculino
Coquimbo;4;Río Hurtado;4305;H;CONTIGO CHILE MEJOR;CARMEN JUANA;OLIVARES;1388;femenino
Coquimbo;4;Salamanca;4204;ZZI;INDEPENDIENTES;CARLOS;LILLO;7264;masculino
Coquimbo;4;Vicuña;4106;Z;CHILE VAMOS;MARIO;AROS;10671;masculino
Valparaíso;5;Cabildo;5402;ZZI;INDEPENDIENTES;PATRICIO;ALIAGA;6172;masculino
Valparaíso;5;Calera;5502;H;CONTIGO CHILE MEJOR;JOHNNY;PIRAINO;26943;masculino
Valparaíso;5;Calle Larga;5302;H;CONTIGO CHILE MEJOR;DINA PATRICIA;GONZALEZ;6501;femenino
Valparaíso;5;Catemu;5702;H;CONTIGO CHILE MEJOR;RODRIGO EDUARDO;DIAZ;7249;masculino
Valparaíso;5;Hijuelas;5503;ZZI;INDEPENDIENTES;VERONICA PAZ MARIA;ROSSAT;6254;femenino
Valparaíso;5;La Cruz;5504;H;CONTIGO CHILE MEJOR;FILOMENA AIDA;NAVIA;6362;femenino
Valparaíso;5;La Ligua;5401;ZZI;INDEPENDIENTES;PATRICIO;PALLARES;9027;masculino
Valparaíso;5;Limache;5802;Z;CHILE VAMOS;LUCIANO;VALENZUELA;12413;masculino
Valparaíso;5;Llaillay;5703;H;CONTIGO CHILE MEJOR;EDGARDO;GONZALEZ;12776;masculino
Valparaíso;5;Los Andes;5301;Z;CHILE VAMOS;MANUEL;RIVERA;18240;masculino
Valparaíso;5;Nogales;5506;Z;CHILE VAMOS;LESLIE;PACHECO;4801;femenino
Valparaíso;5;Olmué;5803;ZZI;INDEPENDIENTES;JORGE ELIAS;JIL;5898;masculino
Valparaíso;5;Panquehue;5704;H;CONTIGO CHILE MEJOR;GONZALO;VERGARA;4093;masculino
Valparaíso;5;Papudo;5403;Z;CHILE VAMOS;CLAUDIA;ADASME;4038;femenino
Valparaíso;5;Petorca;5404;Z;CHILE VAMOS;GUSTAVO;HENRIQUEZ;2989;masculino
Valparaíso;5;Puchuncaví;5105;Z;CHILE VAMOS;MARCOS;MORALES;7486;masculino
Valparaíso;5;Putaendo;5705;H;CONTIGO CHILE MEJOR;MAURICIO ANTONIO;QUIROZ;4923;masculino
Valparaíso;5;Quillota;5501;ZZI;INDEPENDIENTES;LUIS ALBERTO;MELLA;31941;masculino
Valparaíso;5;Quilpué;5801;Z;CHILE VAMOS;CAROLINA;CORTI;37144;femenino
Valparaíso;5;Quintero;5107;ZZI;INDEPENDIENTES;ROLANDO HERNAN;SILVA;6266;masculino
Valparaíso;5;Rinconada;5303;Z;CHILE VAMOS;JUAN;GALDAMES;3200;masculino
Valparaíso;5;San Esteban;5304;ZZI;INDEPENDIENTES;CHRISTIAN MAURICIO;ORTEGA;11257;masculino
Valparaíso;5;San Felipe;5701;H;CONTIGO CHILE MEJOR;CARMEN;CASTILLO;18984;femenino
Valparaíso;5;Santa María;5706;H;CONTIGO CHILE MEJOR;CLAUDIO PATRICIO;ZURITA;9804;masculino
Valparaíso;5;Villa Alemana;5804;Z;CHILE VAMOS;NELSON;ESTAY;37562;masculino
Valparaíso;5;Zapallar;5405;Z;CHILE VAMOS;GUSTAVO;ALESSANDRI;6193;masculino
Valparaíso;5;Algarrobo;5602;Z;CHILE VAMOS;MARCO ANTONIO;GONZALEZ;4250;masculino
Valparaíso;5;Cartagena;5603;Z;CHILE VAMOS;LIDIA;SILVA;5597;femenino
Valparaíso;5;Casablanca;5102;Z;CHILE VAMOS;RODRIGO;MARTINEZ;11250;masculino
Valparaíso;5;Concón;5103;ZZI;INDEPENDIENTES;FREDDY ANTONIO;RAMIREZ;19620;masculino
Valparaíso;5;El Quisco;5604;ZZI;INDEPENDIENTES;JOSE ANTONIO;JOFRE;7351;masculino
Valparaíso;5;El Tabo;5605;H;CONTIGO CHILE MEJOR;ALFONSO ADRIAN;MUÑOZ;5938;masculino
Valparaíso;5;Isla de Pascua;5201;ZZI;INDEPENDIENTES;ELIZABETH JOANA;AREVALO;1701;femenino
Valparaíso;5;Juan Fernández;5104;H;CONTIGO CHILE MEJOR;PABLO ANDRES;MANRIQUEZ;436;masculino
Valparaíso;5;San Antonio;5601;ZZI;INDEPENDIENTES;OMAR;VERA;35321;masculino
Valparaíso;5;Santo Domingo;5606;ZZI;INDEPENDIENTES;FERNANDO JOSE;RODRIGUEZ;6137;masculino
Valparaíso;5;Valparaíso;5101;H;CONTIGO CHILE MEJOR;CAMILA TATIANA;NIETO;50006;femenino
Valparaíso;5;Viña del Mar;5109;H;CONTIGO CHILE MEJOR;MACARENA CAROLINA;RIPAMONTI;114144;femenino
Libertador General Bernardo O'Higgins;6;Codegua;6102;ZZI;INDEPENDIENTES;JOSE;FLORES;5269;masculino
Libertador General Bernardo O'Higgins;6;Coinco;6103;ZZI;INDEPENDIENTES;JUAN;ABARCA;3230;masculino
Libertador General Bernardo O'Higgins;6;Coltauco;6104;Z;CHILE VAMOS;FELIX;SANCHEZ;8800;masculino
Libertador General Bernardo O'Higgins;6;Doñihue;6105;ZZI;INDEPENDIENTES;BORIS;ACUÑA;7738;masculino
Libertador General Bernardo O'Higgins;6;Graneros;6106;ZZI;INDEPENDIENTES;MARCELO;MIÑAÑIR;8517;masculino
Libertador General Bernardo O'Higgins;6;Machalí;6108;ZZI;INDEPENDIENTES;JUAN CARLOS;ABUD;21847;masculino
Libertador General Bernardo O'Higgins;6;Malloa;6109;H;CONTIGO CHILE MEJOR;LUIS MANUEL;BARRA;4823;masculino
Libertador General Bernardo O'Higgins;6;Mostazal;6110;ZZI;INDEPENDIENTES;VERONICA;ARROYO;6745;femenino
Libertador General Bernardo O'Higgins;6;Olivar;6111;Z;CHILE VAMOS;MARIA ESTRELLA;MONTERO;5951;femenino
Libertador General Bernardo O'Higgins;6;Quinta de Tilcoco;6114;Z;CHILE VAMOS;SEBASTIAN;RODRIGUEZ;6009;masculino
Libertador General Bernardo O'Higgins;6;Rancagua;6101;Z;CHILE VAMOS;RAIMUNDO;AGLIATI;57372;masculino
Libertador General Bernardo O'Higgins;6;Rengo;6115;Z;CHILE VAMOS;ENRIQUE;DEL BARRIO;23819;masculino
Libertador General Bernardo O'Higgins;6;Requínoa;6116;H;CONTIGO CHILE MEJOR;WALDO ANTONIO;VALDIVIA;8691;masculino
Libertador General Bernardo O'Higgins;6;Chépica;6302;H;CONTIGO CHILE MEJOR;FABIAN;SOTO;7189;masculino
Libertador General Bernardo O'Higgins;6;Chimbarongo;6303;Z;CHILE VAMOS;MARCO ANTONIO;CONTRERAS;17928;masculino
Libertador General Bernardo O'Higgins;6;La Estrella;6202;H;CONTIGO CHILE MEJOR;VALENTIN GERONIMO;VIDAL;1594;masculino
Libertador General Bernardo O'Higgins;6;Las Cabras;6107;H;CONTIGO CHILE MEJOR;JUAN PABLO;FLORES;6537;masculino
Libertador General Bernardo O'Higgins;6;Litueche;6203;Z;CHILE VAMOS;RODRIGO;PALOMINOS;3461;masculino
Libertador General Bernardo O'Higgins;6;Lolol;6304;ZZI;INDEPENDIENTES;JOSE;ROMAN;3122;masculino
Libertador General Bernardo O'Higgins;6;Marchihue;6204;Z;CHILE VAMOS;SEBASTIAN;FLORES;3983;masculino
Libertador General Bernardo O'Higgins;6;Nancagua;6305;ZZI;INDEPENDIENTES;ANIBAL;VALENZUELA;7063;masculino
Libertador General Bernardo O'Higgins;6;Navidad;6205;H;CONTIGO CHILE MEJOR;YANKO;BLUMEN;2912;masculino
Libertador General Bernardo O'Higgins;6;Palmilla;6306;ZZI;INDEPENDIENTES;CARLOS;CARRERO;4511;masculino
Libertador General Bernardo O'Higgins;6;Paredones;6206;Z;CHILE VAMOS;MOISES;CARVACHO;2315;masculino
Libertador General Bernardo O'Higgins;6;Peralillo;6307;H;CONTIGO CHILE MEJOR;CLAUDIO ABRAHAM;CUMSILLE;5425;masculino
Libertador General Bernardo O'Higgins;6;Peumo;6112;H;CONTIGO CHILE MEJOR;FERMIN ALEJANDRO;CARREÑO;6441;masculino
Libertador General Bernardo O'Higgins;6;Pichidegua;6113;ZZI;INDEPENDIENTES;ADOLFO;CERON;8110;masculino
Libertador General Bernardo O'Higgins;6;Pichilemu;6201;ZZI;INDEPENDIENTES;ROBERTO;CORDOVA;5937;masculino
Libertador General Bernardo O'Higgins;6;Placilla;6308;H;CONTIGO CHILE MEJOR;MARCELO;GONZALEZ;2871;masculino
Libertador General Bernardo O'Higgins;6;Pumanque;6309;Z;CHILE VAMOS;GONZALO;BARAONA;1884;masculino
Libertador General Bernardo O'Higgins;6;San Fernando;6301;Z;CHILE VAMOS;PABLO;SILVA;16742;masculino
Libertador General Bernardo O'Higgins;6;Santa Cruz;6310;Z;CHILE VAMOS;YAMIL;ETHIT;15278;masculino
Libertador General Bernardo O'Higgins;6;San Vicente;6117;Z;CHILE VAMOS;GUIDO;CARREÑO;13175;masculino
Maule;7;Constitución;7102;Z;CHILE VAMOS;CARLOS;VALENZUELA;12193;masculino
Maule;7;Curepto;7103;Z;CHILE VAMOS;FERNANDO;ALCANTARA;3657;masculino
Maule;7;Curicó;7301;ZZI;INDEPENDIENTES;GEORGE RAPHAEL;BORDACHAR;36438;masculino
Maule;7;Empedrado;7104;ZZI;INDEPENDIENTES;CARLOS ALBERTO;CORREA;2462;masculino
Maule;7;Hualañé;7302;H;CONTIGO CHILE MEJOR;CAROLINA;MUÑOZ;4058;femenino
Maule;7;Licantén;7303;ZZI;INDEPENDIENTES;CLAUDIO ALEJANDRO;REYES;2091;masculino
Maule;7;Maule;7105;H;CONTIGO CHILE MEJOR;PABLO;LUNA;13346;masculino
Maule;7;Molina;7304;ZZI;INDEPENDIENTES;FELIPE;MENDEZ;15878;masculino
Maule;7;Pelarco;7106;ZZI;INDEPENDIENTES;BORIS;CABRERA;3455;masculino
Maule;7;Pencahue;7107;H;CONTIGO CHILE MEJOR;JOSE MIGUEL;TOBAR;3298;masculino
Maule;7;Rauco;7305;H;CONTIGO CHILE MEJOR;CLAUDIA;MEDINA;2093;femenino
Maule;7;Río Claro;7108;Z;CHILE VAMOS;AMERICO;GUAJARDO;6370;masculino
Maule;7;Romeral;7306;Z;CHILE VAMOS;JOSE ANTONIO;ARELLANO;4705;masculino
Maule;7;Sagrada Familia;7307;Z;CHILE VAMOS;OSVALDO;JORQUERA;7731;masculino
Maule;7;San Clemente;7109;ZZI;INDEPENDIENTES;JUAN RAUL;ROJAS;14713;masculino
Maule;7;San Rafael;7110;ZZI;INDEPENDIENTES;BASILIO OCTAVIO;PEREZ;2593;masculino
Maule;7;Talca;7101;Z;CHILE VAMOS;JUAN CARLOS;DIAZ;98046;masculino
Maule;7;Teno;7308;ZZI;INDEPENDIENTES;WILDO RICHARD;FARIAS;9682;masculino
Maule;7;Vichuquén;7309;Z;CHILE VAMOS;PATRICIO;RIVERA;2709;masculino
Maule;7;Cauquenes;7201;Z;CHILE VAMOS;JORGE;MUÑOZ;19855;masculino
Maule;7;Chanco;7202;H;CONTIGO CHILE MEJOR;MARCELO OSVALDO;WADDINGTON;4652;masculino
Maule;7;Colbún;7402;ZZI;INDEPENDIENTES;PEDRO PABLO;MUÑOZ;8000;masculino
Maule;7;Linares;7401;Z;CHILE VAMOS;MARIO;MEZA;30033;masculino
Maule;7;Longaví;7403;H;CONTIGO CHILE MEJOR;JAIME ANTONIO;BRIONES;12686;masculino
Maule;7;Parral;7404;Y;REPUBLICANOS E INDEPENDIENTES;PATRICIO ALEJANDRO;OJEDA;14679;masculino
Maule;7;Pelluhue;7203;H;CONTIGO CHILE MEJOR;MARIA LUZ;REYES;3971;femenino
Maule;7;Retiro;7405;Z;CHILE VAMOS;RAFAEL;RAMIREZ;9799;masculino
Maule;7;San Javier;7406;H;CONTIGO CHILE MEJOR;JORGE;SILVA;12043;masculino
Maule;7;Villa Alegre;7407;ZZI;INDEPENDIENTES;ARTURO DEL CARMEN;PALMA;5441;masculino
Maule;7;Yerbas Buenas;7408;Z;CHILE VAMOS;JONATHAN;NORAMBUENA;5572;masculino
Biobío;8;Chiguayante;8103;ZZI;INDEPENDIENTES;JORGE;LOZANO;24812;masculino
Biobío;8;Concepción;8101;F;PARTIDO SOCIAL CRISTIANO E INDEPENDIENTES;HECTOR;MUÑOZ;31001;masculino
Biobío;8;Coronel;8102;H;CONTIGO CHILE MEJOR;BORIS;CHAMORRO;39073;masculino
Biobío;8;Florida;8104;H;CONTIGO CHILE MEJOR;RODRIGO;MONTERO;3318;masculino
Biobío;8;Hualpén;8112;H;CONTIGO CHILE MEJOR;MIGUEL ANGEL;RIVERA;45364;masculino
Biobío;8;Hualqui;8105;ZZI;INDEPENDIENTES;RICARDO;FUENTES;6712;masculino
Biobío;8;Penco;8107;ZZI;INDEPENDIENTES;RODRIGO;VERA;22650;masculino
Biobío;8;San Pedro de la Paz;8108;Z;CHILE VAMOS;JUAN PABLO;SPOERER;16533;masculino
Biobío;8;Santa Juana;8109;ZZI;INDEPENDIENTES;ANGEL;CASTRO;6809;masculino
Biobío;8;Talcahuano;8110;H;CONTIGO CHILE MEJOR;EDUARDO;SAAVEDRA;40440;masculino
Biobío;8;Tomé;8111;ZZI;INDEPENDIENTES;ITALO;CACERES;18144;masculino
Biobío;8;Alto Biobío;8314;H;CONTIGO CHILE MEJOR;FELIX SEGUNDO;VITA;2126;masculino
Biobío;8;Antuco;8302;ZZI;INDEPENDIENTES;SANDRA;BOBADILLA;1739;femenino
Biobío;8;Arauco;8202;Z;CHILE VAMOS;MAURICIO;ALARCON;14069;masculino
Biobío;8;Cabrero;8303;ZZI;INDEPENDIENTES;YUSEF;SABAG;13541;masculino
Biobío;8;Cañete;8203;Z;CHILE VAMOS;JORGE;RADONICH;13394;masculino
Biobío;8;Contulmo;8204;ZZI;INDEPENDIENTES;CARLOS ARTURO;LEAL;3402;masculino
Biobío;8;Curanilahue;8205;Z;CHILE VAMOS;LUIS;GENGNAGEL;7562;masculino
Biobío;8;Laja;8304;Z;CHILE VAMOS;VLADIMIR;FICA;6928;masculino
Biobío;8;Lebu;8201;Z;CHILE VAMOS;MARCELA;TIZNADO;10332;femenino
Biobío;8;Los Alamos;8206;Z;CHILE VAMOS;PABLO;VEGAS;6794;masculino
Biobío;8;Los Angeles;8301;H;CONTIGO CHILE MEJOR;JOSE;PEREZ;38529;masculino
Biobío;8;Lota;8106;Z;CHILE VAMOS;JAIME;VASQUEZ;11649;masculino
Biobío;8;Mulchén;8305;Y;REPUBLICANOS E INDEPENDIENTES;JOSE MIGUEL;MUÑOZ;6131;masculino
Biobío;8;Nacimiento;8306;Z;CHILE VAMOS;CARLOS;TOLOZA;14608;masculino
Biobío;8;Negrete;8307;H;CONTIGO CHILE MEJOR;ALFREDO ALEJANDRO;PEÑA;5270;masculino
Biobío;8;Quilaco;8308;H;CONTIGO CHILE MEJOR;PABLO;URRUTIA;2348;masculino
Biobío;8;Quilleco;8309;H;CONTIGO CHILE MEJOR;CLAUDIO;SOLAR;3284;masculino
Biobío;8;San Rosendo;8310;ZZI;INDEPENDIENTES;RABINDRANATH;ACUÑA;2071;masculino
Biobío;8;Santa Bárbara;8311;Z;CHILE VAMOS;CRISTIAN;OSES;3430;masculino
Biobío;8;Tirúa;8207;H;CONTIGO CHILE MEJOR;JOSE;LINCO;3215;masculino
Biobío;8;Tucapel;8312;Z;CHILE VAMOS;JAIME;VELOSO;8503;masculino
Biobío;8;Yumbel;8313;ZZI;INDEPENDIENTES;JOSE;SAEZ;6629;masculino
La Araucanía;9;Angol;9201;Z;CHILE VAMOS;ENRIQUE;NEIRA;12616;masculino
La Araucanía;9;Collipulli;9202;Z;CHILE VAMOS;MANUEL;MACAYA;7643;masculino
La Araucanía;9;Curacautín;9203;ZZI;INDEPENDIENTES;HUGO;VIDAL;6947;masculino
La Araucanía;9;Ercilla;9204;ZZI;INDEPENDIENTES;LUIS;ORELLANA;2866;masculino
La Araucanía;9;Galvarino;9106;Z;CHILE VAMOS;HANS;GONZALEZ;3997;masculino
La Araucanía;9;Lautaro;9108;Z;CHILE VAMOS;RICARDO;JARAMILLO;10640;masculino
La Araucanía;9;Lonquimay;9205;Z;CHILE VAMOS;EDUARDO;YAÑEZ;4310;masculino
La Araucanía;9;Los Sauces;9206;ZZI;INDEPENDIENTES;VICTOR HUGO;GONZALEZ;3670;masculino
La Araucanía;9;Lumaco;9207;Z;CHILE VAMOS;RICHARD;LEONELLI;4993;masculino
La Araucanía;9;Melipeuco;9110;H;CONTIGO CHILE MEJOR;ALEJANDRO;CUMINAO;3472;masculino
La Araucanía;9;Perquenco;9113;H;CONTIGO CHILE MEJOR;ALEJANDRO;SEPULVEDA;3076;masculino
La Araucanía;9;Purén;9208;Z;CHILE VAMOS;FRANN;BARBIERI;4688;femenino
La Araucanía;9;Renaico;9209;Z;CHILE VAMOS;CLAUDIO;MUSRE;3198;masculino
La Araucanía;9;Traiguén;9210;Z;CHILE VAMOS;LUIS;ALVAREZ;6337;masculino
La Araucanía;9;Victoria;9211;ZZI;INDEPENDIENTES;JAVIER ALEJANDRO;JARAMILLO;7293;masculino
La Araucanía;9;Vilcún;9119;Z;CHILE VAMOS;KATHERINNE;MIGUELES;9837;femenino
La Araucanía;9;Carahue;9102;ZZI;INDEPENDIENTES;HELMUTH;MARTINEZ;7174;masculino
La Araucanía;9;Cholchol;9121;Z;CHILE VAMOS;ALVARO;LABRAÑA;6312;masculino
La Araucanía;9;Cunco;9103;ZZI;INDEPENDIENTES;CRISTIAN;MORAGA;5616;masculino
La Araucanía;9;Curarrehue;9104;ZZI;INDEPENDIENTES;DANIEL;PARRA;2495;masculino
La Araucanía;9;Freire;9105;ZZI;INDEPENDIENTES;JOSE;COLIHUIL;7369;masculino
La Araucanía;9;Gorbea;9107;H;CONTIGO CHILE MEJOR;ANDRES;ROMERO;6191;masculino
La Araucanía;9;Loncoche;9109;H;CONTIGO CHILE MEJOR;ALEXIS ARTURO;PINEDA;7562;masculino
La Araucanía;9;Nueva Imperial;9111;H;CONTIGO CHILE MEJOR;CESAR;SEPULVEDA;10363;masculino
La Araucanía;9;Padre Las Casas;9112;ZZI;INDEPENDIENTES;MARIO HERNAN;GONZALEZ;16844;masculino
La Araucanía;9;Pitrufquén;9114;Z;CHILE VAMOS;JACQUELINE;ROMERO;9532;femenino
La Araucanía;9;Pucón;9115;Z;CHILE VAMOS;SEBASTIAN;ALVAREZ;9451;masculino
La Araucanía;9;Saavedra;9116;ZZI;INDEPENDIENTES;RICARDO;TRIPAINAO;3791;masculino
La Araucanía;9;Temuco;9101;H;CONTIGO CHILE MEJOR;ROBERTO FRANCISCO;NEIRA;96941;masculino
La Araucanía;9;Teodoro Schmidt;9117;Z;CHILE VAMOS;BALDOMERO;SANTOS;7305;masculino
La Araucanía;9;Toltén;9118;Z;CHILE VAMOS;GUILLERMO;MARTINEZ;4063;masculino
La Araucanía;9;Villarrica;9120;ZZI;INDEPENDIENTES;PABLO;ASTETE;20960;masculino
Los Lagos;10;Fresia;10104;H;CONTIGO CHILE MEJOR;MIGUEL;CARDENAS;4423;masculino
Los Lagos;10;Frutillar;10105;Z;CHILE VAMOS;JAVIER;ARISMENDI;7816;masculino
Los Lagos;10;Llanquihue;10107;H;CONTIGO CHILE MEJOR;VICTOR RUBEN;ANGULO;6252;masculino
Los Lagos;10;Los Muermos;10106;Z;CHILE VAMOS;EMILIO;GONZALEZ;7634;masculino
Los Lagos;10;Osorno;10301;ZZI;INDEPENDIENTES;JAIME ALBERTO;BERTIN;28901;masculino
Los Lagos;10;Puerto Octay;10302;Z;CHILE VAMOS;MARIA ELENA;OJEDA;3008;femenino
Los Lagos;10;Puerto Varas;10109;ZZI;INDEPENDIENTES;TOMAS ANDRES;GARATE;19401;masculino
Los Lagos;10;Purranque;10303;Y;REPUBLICANOS E INDEPENDIENTES;ALICIA DEL CARMEN;VILLAR;5519;femenino
Los Lagos;10;Puyehue;10304;Z;CHILE VAMOS;JIMENA;NUÑEZ;4761;femenino
Los Lagos;10;Río Negro;10305;Z;CHILE VAMOS;SEBASTIAN;CRUZAT;6981;masculino
Los Lagos;10;San Juan de la Costa;10306;H;CONTIGO CHILE MEJOR;JOSE LUIS;MUÑOZ;2142;masculino
Los Lagos;10;San Pablo;10307;H;CONTIGO CHILE MEJOR;MARCO ANTONIO;CARRILLO;3943;masculino
Los Lagos;10;Ancud;10202;ZZI;INDEPENDIENTES;ANDRES ANTONIO;OJEDA;13670;masculino
Los Lagos;10;Calbuco;10102;ZZI;INDEPENDIENTES;MARCO ANDRES;SILVA;8464;masculino
Los Lagos;10;Castro;10201;H;CONTIGO CHILE MEJOR;BALTAZAR;ELGUETA;15256;masculino
Los Lagos;10;Chaitén;10401;Z;CHILE VAMOS;CLARA;LAZCANO;2180;femenino
Los Lagos;10;Chonchi;10203;Z;CHILE VAMOS;FERNANDO;OYARZUN;7271;masculino
Los Lagos;10;Cochamó;10103;ZZI;INDEPENDIENTES;FRANCISCO JAVIER;DONOSO;1122;masculino
Los Lagos;10;Curaco de Vélez;10204;H;CONTIGO CHILE MEJOR;JAVIERA;YAÑEZ;2512;femenino
Los Lagos;10;Dalcahue;10205;Z;CHILE VAMOS;ALEJANDRA;VILLEGAS;2931;femenino
Los Lagos;10;Futaleufú;10402;ZZI;INDEPENDIENTES;FERNANDO ERWIN;GRANDON;1095;masculino
Los Lagos;10;Hualaihué;10403;ZZI;INDEPENDIENTES;CRISTINA;ESPINOZA;4640;femenino
Los Lagos;10;Maullín;10108;Z;CHILE VAMOS;NABIH;SOZA;7142;masculino
Los Lagos;10;Palena;10404;Z;CHILE VAMOS;JULIO;DELGADO;795;masculino
Los Lagos;10;Puerto Montt;10101;Z;CHILE VAMOS;RODRIGO;WAINRAIHGT;89877;masculino
Los Lagos;10;Puqueldón;10206;Y;REPUBLICANOS E INDEPENDIENTES;ALEJANDRO ARIEL;CARDENAS;926;masculino
Los Lagos;10;Queilén;10207;H;CONTIGO CHILE MEJOR;MARCOS;VARGAS;2430;masculino
Los Lagos;10;Quellón;10208;ZZI;INDEPENDIENTES;CLAUDIO JORGE;BARUDY;3669;masculino
Los Lagos;10;Quemchi;10209;H;CONTIGO CHILE MEJOR;JAVIER;UGARTE;2481;masculino
Los Lagos;10;Quinchao;10210;H;CONTIGO CHILE MEJOR;RENE;GARCES;2401;masculino
Aysén del General Carlos Ibáñez del Campo;11;Aysén;11201;Z;CHILE VAMOS;LUIS;MARTINEZ;9295;masculino
Aysén del General Carlos Ibáñez del Campo;11;Chile Chico;11401;ZZI;INDEPENDIENTES;ARIEL;KEIM;1850;femenino
Aysén del General Carlos Ibáñez del Campo;11;Cisnes;11202;Z;CHILE VAMOS;FRANCISCO;RONCAGLIOLO;1955;masculino
Aysén del General Carlos Ibáñez del Campo;11;Cochrane;11301;Z;CHILE VAMOS;PATRICIO;ULLOA;1195;masculino
Aysén del General Carlos Ibáñez del Campo;11;Coyhaique;11101;H;CONTIGO CHILE MEJOR;CARLOS;GATICA;13292;masculino
Aysén del General Carlos Ibáñez del Campo;11;Guaitecas;11203;Z;CHILE VAMOS;BANS;PUINAO;583;masculino
Aysén del General Carlos Ibáñez del Campo;11;Lago Verde;11102;H;CONTIGO CHILE MEJOR;CLAUDIA ANDREA;VALDES;506;femenino
Aysén del General Carlos Ibáñez del Campo;11;O'Higgins;11302;H;CONTIGO CHILE MEJOR;CLAUDIO;FICA;185;masculino
Aysén del General Carlos Ibáñez del Campo;11;Río Ibáñez;11402;Z;CHILE VAMOS;MARCELO;JELVEZ;1151;masculino
Aysén del General Carlos Ibáñez del Campo;11;Tortel;11303;ZZI;INDEPENDIENTES;MARISELA CLORINDA;JIMENEZ;271;femenino
Magallanes y de la Antártica Chilena;12;Antártica;12202;H;CONTIGO CHILE MEJOR;PATRICIO;FERNANDEZ;13;masculino
Magallanes y de la Antártica Chilena;12;Cabo de Hornos;12201;H;CONTIGO CHILE MEJOR;PATRICIO;FERNANDEZ;674;masculino
Magallanes y de la Antártica Chilena;12;Laguna Blanca;12102;H;CONTIGO CHILE MEJOR;FERNANDO;OJEDA;265;masculino
Magallanes y de la Antártica Chilena;12;Natales;12401;ZZI;INDEPENDIENTES;ANA ESTER;MAYORGA;9437;femenino
Magallanes y de la Antártica Chilena;12;Porvenir;12301;H;CONTIGO CHILE MEJOR;JOSE GABRIEL;PARADA;1607;masculino
Magallanes y de la Antártica Chilena;12;Primavera;12302;Z;CHILE VAMOS;KARINA;FERNANDEZ;342;femenino
Magallanes y de la Antártica Chilena;12;Punta Arenas;12101;Z;CHILE VAMOS;CLAUDIO;RADONICH;51734;masculino
Magallanes y de la Antártica Chilena;12;Río Verde;12103;ZZI;INDEPENDIENTES;TATIANA;VASQUEZ;253;femenino
Magallanes y de la Antártica Chilena;12;San Gregorio;12104;H;CONTIGO CHILE MEJOR;JEANNETTE ISABEL;ANDRADE;132;femenino
Magallanes y de la Antártica Chilena;12;Timaukel;12303;Z;CHILE VAMOS;LUIS;BARRIA;329;masculino
Magallanes y de la Antártica Chilena;12;Torres del Paine;12402;Z;CHILE VAMOS;ANAHI;CARDENAS;665;femenino
Metropolitana de Santiago;13;La Granja;13111;ZZI;INDEPENDIENTES;CLAUDIO EUGENIO;ARRIAGADA;23129;masculino
Metropolitana de Santiago;13;Macul;13118;Y;REPUBLICANOS E INDEPENDIENTES;EDUARDO RENE;ESPINOZA;28747;masculino
Metropolitana de Santiago;13;Ñuñoa;13120;Z;CHILE VAMOS;SEBASTIAN;SICHEL;74473;masculino
Metropolitana de Santiago;13;Providencia;13123;Z;CHILE VAMOS;JAIME;BELLOLIO;63754;masculino
Metropolitana de Santiago;13;San Joaquín;13129;ZZI;INDEPENDIENTES;CRISTOBAL AMARO;LABRA;36783;masculino
Metropolitana de Santiago;13;Santiago;13101;Z;CHILE VAMOS;MARIO;DESBORDES;110881;masculino
Metropolitana de Santiago;13;La Reina;13113;Z;CHILE VAMOS;JOSE MANUEL;PALACIOS;47438;masculino
Metropolitana de Santiago;13;Las Condes;13114;ZZI;INDEPENDIENTES;CATALINA;SAN MARTIN;77660;femenino
Metropolitana de Santiago;13;Lo Barnechea;13115;Z;CHILE VAMOS;FELIPE;ALESSANDRI;38118;masculino
Metropolitana de Santiago;13;Peñalolén;13122;H;CONTIGO CHILE MEJOR;MIGUEL ANDRES;CONCHA;52435;masculino
Metropolitana de Santiago;13;Vitacura;13132;Z;CHILE VAMOS;CAMILA;MERINO;49945;femenino
Metropolitana de Santiago;13;La Florida;13110;Z;CHILE VAMOS;DANIEL;REYES;124713;masculino
Metropolitana de Santiago;13;La Pintana;13112;H;CONTIGO CHILE MEJOR;CLAUDIA;PIZARRO;38847;femenino
Metropolitana de Santiago;13;Pirque;13202;H;CONTIGO CHILE MEJOR;JAIME;ESCUDERO;14557;masculino
Metropolitana de Santiago;13;Puente Alto;13201;ZZI;INDEPENDIENTES;MATIAS JAIR;TOLEDO;172310;masculino
Metropolitana de Santiago;13;San José de Maipo;13203;H;CONTIGO CHILE MEJOR;ROBERTO;PEREZ;6127;masculino
Metropolitana de Santiago;13;El Bosque;13105;H;CONTIGO CHILE MEJOR;MANUEL FRANCISCO;ZUÑIGA;49269;masculino
Metropolitana de Santiago;13;La Cisterna;13109;H;CONTIGO CHILE MEJOR;JOEL ANDRES;OLMOS;19823;masculino
Metropolitana de Santiago;13;Lo Espejo;13116;H;CONTIGO CHILE MEJOR;JAVIERA PAZ;REYES;34705;femenino
Metropolitana de Santiago;13;Pedro Aguirre Cerda;13121;H;CONTIGO CHILE MEJOR;LUIS ALBERTO;ASTUDILLO;40832;masculino
Metropolitana de Santiago;13;San Miguel;13130;Z;CHILE VAMOS;CAROL;BOWN;23382;femenino
Metropolitana de Santiago;13;San Ramón;13131;H;CONTIGO CHILE MEJOR;GUSTAVO;TORO;24004;masculino
Metropolitana de Santiago;13;Alhué;13502;H;CONTIGO CHILE MEJOR;MARCELA;CHAMORRO;3490;femenino
Metropolitana de Santiago;13;Buin;13402;Z;CHILE VAMOS;MIGUEL;ARAYA;35150;masculino
Metropolitana de Santiago;13;Calera de Tango;13403;Z;CHILE VAMOS;HORTENSIA;MORA;9652;femenino
Metropolitana de Santiago;13;Curacaví;13503;ZZI;INDEPENDIENTES;CHRISTIAN;HERNANDEZ;10348;masculino
Metropolitana de Santiago;13;El Monte;13602;H;CONTIGO CHILE MEJOR;ZANDRA SOFIA;MAULEN;7593;femenino
Metropolitana de Santiago;13;Isla de Maipo;13603;Z;CHILE VAMOS;JUAN PABLO;OLAVE;17624;masculino
Metropolitana de Santiago;13;María Pinto;13504;Z;CHILE VAMOS;JESSICA;MUALIM;6946;femenino
Metropolitana de Santiago;13;Melipilla;13501;Z;CHILE VAMOS;PAULA;GARATE;39057;femenino
Metropolitana de Santiago;13;Padre Hurtado;13604;H;CONTIGO CHILE MEJOR;FELIPE;MUÑOZ;26418;masculino
Metropolitana de Santiago;13;Paine;13404;Z;CHILE VAMOS;RODRIGO;CONTRERAS;34381;masculino
Metropolitana de Santiago;13;Peñaflor;13605;Z;CHILE VAMOS;RODRIGO;CORNEJO;21101;masculino
Metropolitana de Santiago;13;San Bernardo;13401;H;CONTIGO CHILE MEJOR;CHRISTOPHER ANTONIO;WHITE;46910;masculino
Metropolitana de Santiago;13;San Pedro;13505;Z;CHILE VAMOS;MANUEL;DEVIA;2759;masculino
Metropolitana de Santiago;13;Talagante;13601;H;CONTIGO CHILE MEJOR;SEBASTIAN ENRIQUE;ROSAS;26289;masculino
Metropolitana de Santiago;13;Cerrillos;13102;ZZI;INDEPENDIENTES;JOHNNY;YAÑEZ;12037;masculino
Metropolitana de Santiago;13;Colina;13301;Z;CHILE VAMOS;ISABEL;VALENZUELA;56947;femenino
Metropolitana de Santiago;13;Estación Central;13106;H;CONTIGO CHILE MEJOR;FELIPE EDUARDO;MUÑOZ;42001;masculino
Metropolitana de Santiago;13;Lampa;13302;H;CONTIGO CHILE MEJOR;JONATHAN;OPAZO;19787;masculino
Metropolitana de Santiago;13;Maipú;13119;H;CONTIGO CHILE MEJOR;TOMAS;VODANOVIC;228779;masculino
Metropolitana de Santiago;13;Pudahuel;13124;H;CONTIGO CHILE MEJOR;ITALO ANDRES;BRAVO;87893;masculino
Metropolitana de Santiago;13;Quilicura;13125;H;CONTIGO CHILE MEJOR;PAULINA REBECA;BOBADILLA;44194;femenino
Metropolitana de Santiago;13;Tiltil;13303;Y;REPUBLICANOS E INDEPENDIENTES;CESAR EUGENIO;MENA;5147;masculino
Metropolitana de Santiago;13;Cerro Navia;13103;ZZI;INDEPENDIENTES;MAURO;TAMAYO;44746;masculino
Metropolitana de Santiago;13;Conchalí;13104;ZZI;INDEPENDIENTES;RENE;DE LA VEGA;27417;masculino
Metropolitana de Santiago;13;Huechuraba;13107;Z;CHILE VAMOS;MAXIMILIANO;LUKSIC;23969;masculino
Metropolitana de Santiago;13;Independencia;13108;Z;CHILE VAMOS;AGUSTIN;IGLESIAS;25839;masculino
Metropolitana de Santiago;13;Lo Prado;13117;H;CONTIGO CHILE MEJOR;MAXIMILIANO;RIOS;34278;masculino
Metropolitana de Santiago;13;Quinta Normal;13126;H;CONTIGO CHILE MEJOR;KARINA ANDREA;DELFINO;33647;femenino
Metropolitana de Santiago;13;Recoleta;13127;H;CONTIGO CHILE MEJOR;FARES MANUEL;JADUE;33031;masculino
Metropolitana de Santiago;13;Renca;13128;ZZI;INDEPENDIENTES;CLAUDIO NICOLAS;CASTRO;67398;masculino
Los Ríos;14;Corral;14102;Z;CHILE VAMOS;CLAUDIO;GONZALEZ;1700;masculino
Los Ríos;14;Futrono;14202;H;CONTIGO CHILE MEJOR;FERNANDO JAVIER;FLANDEZ;6188;masculino
Los Ríos;14;Lago Ranco;14203;Z;CHILE VAMOS;MIGUEL ANGEL;MEZA;7054;masculino
Los Ríos;14;Lanco;14103;H;CONTIGO CHILE MEJOR;JUAN;ROCHA;6725;masculino
Los Ríos;14;La Unión;14201;ZZI;INDEPENDIENTES;SATURNINO CASIMIRO;QUEZADA;6839;masculino
Los Ríos;14;Los Lagos;14104;Z;CHILE VAMOS;VICTOR;FRITZ;5562;masculino
Los Ríos;14;Máfil;14105;ZZI;INDEPENDIENTES;ANDRES;LARA;2021;masculino
Los Ríos;14;Mariquina;14106;Z;CHILE VAMOS;GUILLERMO ROLANDO;MITRE;8772;masculino
Los Ríos;14;Paillaco;14107;H;CONTIGO CHILE MEJOR;CRISTIAN;NAVARRETE;8241;masculino
Los Ríos;14;Panguipulli;14108;H;CONTIGO CHILE MEJOR;RODRIGO;VALDIVIA;9151;masculino
Los Ríos;14;Río Bueno;14204;Z;CHILE VAMOS;LUIS;REYES;9241;masculino
Los Ríos;14;Valdivia;14101;H;CONTIGO CHILE MEJOR;CARLA ANDREA;AMTMANN;40335;femenino
Arica y Parinacota;15;Arica;15101;ZZI;INDEPENDIENTES;ORLANDO SEVERO;VARGAS;41665;masculino
Arica y Parinacota;15;Camarones;15102;H;CONTIGO CHILE MEJOR;CRISTIAN;ZAVALA;1662;masculino
Arica y Parinacota;15;General Lagos;15202;Y;REPUBLICANOS E INDEPENDIENTES;ALEX FERNANDO;CASTILLO;281;masculino
Arica y Parinacota;15;Putre;15201;Z;CHILE VAMOS;JAVIER;TITO;1497;masculino
Ñuble;16;Bulnes;16102;Z;CHILE VAMOS;GONZALO;BUSTAMANTE;10486;masculino
Ñuble;16;Chillán;16101;H;CONTIGO CHILE MEJOR;CAMILO FRANCISCO;BENAVENTE;62077;masculino
Ñuble;16;Chillán Viejo;16103;ZZI;INDEPENDIENTES;JORGE ANDRES;DEL POZO;10288;masculino
Ñuble;16;Cobquecura;16202;ZZI;INDEPENDIENTES;JORGE EDUARDO;ROMERO;2784;masculino
Ñuble;16;Coelemu;16203;H;CONTIGO CHILE MEJOR;ALEJANDRO RODRIGO;PEDREROS;6134;masculino
Ñuble;16;Coihueco;16302;ZZI;INDEPENDIENTES;WILSON ENRIQUE;PALMA;6211;masculino
Ñuble;16;El Carmen;16104;Z;CHILE VAMOS;RENAN;CABEZAS;5657;masculino
Ñuble;16;Ninhue;16204;H;CONTIGO CHILE MEJOR;LUIS;MOLINA;3246;masculino
Ñuble;16;Ñiquén;16303;ZZI;INDEPENDIENTES;ARIEL IGNACIO;MIRANDA;3628;masculino
Ñuble;16;Pemuco;16105;Z;CHILE VAMOS;JOHNNSON;GUIÑEZ;3575;masculino
Ñuble;16;Pinto;16106;Y;REPUBLICANOS E INDEPENDIENTES;JAIRO;DEL PINO;5537;masculino
Ñuble;16;Portezuelo;16205;ZZI;INDEPENDIENTES;JUAN CARLOS;RAMIREZ;2873;masculino
Ñuble;16;Quillón;16107;ZZI;INDEPENDIENTES;FELIPE IGNACIO;CATALAN;5721;masculino
Ñuble;16;Quirihue;16201;Z;CHILE VAMOS;EDUARDO;REDLICH;5812;masculino
Ñuble;16;Ranquil;16206;Z;CHILE VAMOS;NICOLAS;TORRES;4416;masculino
Ñuble;16;San Carlos;16301;ZZI;INDEPENDIENTES;RUBEN;MENDEZ;7910;masculino
Ñuble;16;San Fabián;16304;ZZI;INDEPENDIENTES;CRISTOFER ANTONIO;VALDES;1818;masculino
Ñuble;16;San Ignacio;16108;Z;CHILE VAMOS;PATRICIO;SUAZO;5724;masculino
Ñuble;16;San Nicolás;16305;ZZI;INDEPENDIENTES;VICTOR RAMON;TORO;5608;masculino
Ñuble;16;Treguaco;16207;ZZI;INDEPENDIENTES;JORGE;MORALES;2903;masculino
Ñuble;16;Yungay;16109;H;CONTIGO CHILE MEJOR;RAFAEL;CIFUENTES;4010;masculino
